[
{"type":"header","version":"5.2.1","comment":"Export to JSON plugin for PHPMyAdmin"},
{"type":"database","name":"cs6314"},
{"type":"table","name":"course1","database":"cs6314","data":
[
{"id":"1","semester":"25SOpen","course_num_section":"CS 1325.001","title":"Introduction to Programming","credit_hours":"3","instructor":"Miguel Razo Razo","instructor_netid":"mrazora","date_time":"Monday & Wednesday 10:00am - 11:15am","location":"ECSS 2.410","time_created":"2025-03-17 01:55:40","time_updated":"2025-03-17 01:55:40"},
{"id":"2","semester":"25SOpen","course_num_section":"CS 1325.002","title":"Introduction to Programming","credit_hours":"3","instructor":"Nidhiben Solanki","instructor_netid":"nxs121130","date_time":"Tuesday & Thursday 11:30am - 12:45pm","location":"ECSS 2.415","time_created":"2025-03-17 01:55:40","time_updated":"2025-03-17 01:55:40"},
{"id":"3","semester":"25SOpen","course_num_section":"CS 1337.001","title":"Computer Science I","credit_hours":"3","instructor":"Priya Narayanasami","instructor_netid":"pxn173330","date_time":"Tuesday & Thursday 4:00pm - 5:15pm","location":"ECSS 2.412","time_created":"2025-03-17 01:55:40","time_updated":"2025-03-17 01:55:40"},
{"id":"4","semester":"25SOpen","course_num_section":"CS 1337.002","title":"Computer Science I","credit_hours":"3","instructor":"Srimathi Srinivasan","instructor_netid":"sxs180206","date_time":"Monday & Wednesday 10:00am - 11:15am","location":"ECSW 1.365","time_created":"2025-03-17 01:55:40","time_updated":"2025-03-17 01:55:40"},
{"id":"5","semester":"25SOpen","course_num_section":"CS 1337.003","title":"Computer Science I","credit_hours":"3","instructor":"Parisa Darbari","instructor_netid":"dal776869","date_time":"Monday & Wednesday 10:00am - 11:15am","location":"ECSW 1.355","time_created":"2025-03-17 01:55:40","time_updated":"2025-03-17 01:55:40"},
{"id":"6","semester":"25SFull","course_num_section":"CS 1337.004","title":"Computer Science I","credit_hours":"3","instructor":"Shyam Karrah","instructor_netid":"skarrah","date_time":"Tuesday & Thursday 4:00pm - 5:15pm","location":"SLC 2.303","time_created":"2025-03-17 01:55:40","time_updated":"2025-03-17 01:55:40"},
{"id":"7","semester":"25SFull","course_num_section":"CS 1337.005","title":"Computer Science I","credit_hours":"3","instructor":"Srimathi Srinivasan","instructor_netid":"sxs180206","date_time":"Monday & Wednesday 11:30am - 12:45pm","location":"ECSW 1.365","time_created":"2025-03-17 01:55:40","time_updated":"2025-03-17 01:55:40"},
{"id":"8","semester":"25SOpen","course_num_section":"CS 1337.006","title":"Computer Science I","credit_hours":"3","instructor":"Gordon Arnold","instructor_netid":"gxa120930","date_time":"Monday & Wednesday 11:30am - 12:45pm","location":"ECSS 2.311","time_created":"2025-03-17 01:55:40","time_updated":"2025-03-17 01:55:40"},
{"id":"9","semester":"25SOpen","course_num_section":"CS 1337.007","title":"Computer Science I","credit_hours":"3","instructor":"Jason Smith","instructor_netid":"jws130830","date_time":"Tuesday & Thursday 1:00pm - 2:15pm","location":"ECSS 2.305","time_created":"2025-03-17 01:55:40","time_updated":"2025-03-17 01:55:40"},
{"id":"10","semester":"25SFull","course_num_section":"CS 1337.008","title":"Computer Science I","credit_hours":"3","instructor":"Aditya Srivastava","instructor_netid":"axs142531","date_time":"Tuesday & Thursday 1:00pm - 2:15pm","location":"ECSS 2.306","time_created":"2025-03-17 01:55:40","time_updated":"2025-03-17 01:55:40"},
{"id":"11","semester":"25SOpen","course_num_section":"CS 1337.009","title":"Computer Science I","credit_hours":"3","instructor":"Shyam Karrah","instructor_netid":"skarrah","date_time":"Tuesday & Thursday 1:00pm - 2:15pm","location":"ECSW 1.355","time_created":"2025-03-17 01:55:40","time_updated":"2025-03-17 01:55:40"},
{"id":"12","semester":"25SOpen","course_num_section":"CS 1337.010","title":"Computer Science I","credit_hours":"3","instructor":"Jason Smith","instructor_netid":"jws130830","date_time":"Tuesday & Thursday 4:00pm - 5:15pm","location":"FN 2.102","time_created":"2025-03-17 01:55:40","time_updated":"2025-03-17 01:55:40"},
{"id":"13","semester":"25SFull","course_num_section":"CS 1337.0w1","title":"Computer Science I","credit_hours":"3","instructor":"Scott Dollinger","instructor_netid":"smd013000","date_time":"Monday & Wednesday 10:00am - 11:15am","location":"No Meeting Room","time_created":"2025-03-17 01:55:40","time_updated":"2025-03-17 01:55:40"},
{"id":"14","semester":"25SFull","course_num_section":"CS 1337.0w2","title":"Computer Science I","credit_hours":"3","instructor":"Scott Dollinger","instructor_netid":"smd013000","date_time":"Monday & Wednesday 11:30am - 12:45pm","location":"No Meeting Room","time_created":"2025-03-17 01:55:40","time_updated":"2025-03-17 01:55:40"},
{"id":"15","semester":"25SOpen","course_num_section":"CS 1337.701","title":"Computer Science I  (Non-Enroll)","credit_hours":"","instructor":"Simeon Ntafos\n, Parisa Darbari\n, Shyam Karrah\n, Jason Smith\n, Scott Dollinger\n, Aditya Srivastava\n, ","instructor_netid":"ntafos","date_time":"Common Exam","location":"","time_created":"2025-03-17 01:55:40","time_updated":"2025-03-17 01:55:40"},
{"id":"16","semester":"25SOpen","course_num_section":"CS 1436.001","title":"Programming Fundamentals  (4 Credits)","credit_hours":"","instructor":"Laurie Thompson","instructor_netid":"lthomp","date_time":"Monday & Wednesday 11:00am - 1:15pm","location":"ECSS 2.312","time_created":"2025-03-17 01:55:40","time_updated":"2025-03-17 01:55:40"},
{"id":"17","semester":"25SOpen","course_num_section":"CS 1436.002","title":"Programming Fundamentals  (4 Credits)","credit_hours":"","instructor":"Laurie Thompson","instructor_netid":"lthomp","date_time":"Monday & Wednesday 2:30pm - 4:45pm","location":"ECSS 2.312","time_created":"2025-03-17 01:55:40","time_updated":"2025-03-17 01:55:40"},
{"id":"18","semester":"25SOpen","course_num_section":"CS 1436.003","title":"Programming Fundamentals  (4 Credits)","credit_hours":"","instructor":"James Willson","instructor_netid":"jkw053000","date_time":"Tuesday & Thursday 1:00pm - 3:15pm","location":"ECSS 2.312","time_created":"2025-03-17 01:55:40","time_updated":"2025-03-17 01:55:40"},
{"id":"19","semester":"25SOpen","course_num_section":"CS 2305.001","title":"Discrete Mathematics for Computing I","credit_hours":"3","instructor":"Jessica Ouyang","instructor_netid":"jjo190001","date_time":"Tuesday & Thursday 8:30am - 9:45am","location":"ECSW 1.315","time_created":"2025-03-17 01:55:40","time_updated":"2025-03-17 01:55:40"},
{"id":"20","semester":"25SOpen","course_num_section":"CS 2305.002","title":"Discrete Mathematics for Computing I","credit_hours":"3","instructor":"Jason Jue","instructor_netid":"jjue","date_time":"Tuesday & Thursday 8:30am - 9:45am","location":"HH 2.402","time_created":"2025-03-17 01:55:40","time_updated":"2025-03-17 01:55:40"},
{"id":"21","semester":"25SOpen","course_num_section":"CS 2305.004","title":"Discrete Mathematics for Computing I","credit_hours":"3","instructor":"Sergey Bereg","instructor_netid":"sxb027100","date_time":"Monday & Wednesday 2:30pm - 3:45pm","location":"SLC 1.102","time_created":"2025-03-17 01:55:40","time_updated":"2025-03-17 01:55:40"},
{"id":"22","semester":"25SFull","course_num_section":"CS 2305.005","title":"Discrete Mathematics for Computing I","credit_hours":"3","instructor":"Daniel Gibney","instructor_netid":"djg230002","date_time":"Tuesday & Thursday 11:30am - 12:45pm","location":"ECSW 1.315","time_created":"2025-03-17 01:55:40","time_updated":"2025-03-17 01:55:40"},
{"id":"23","semester":"25SFull","course_num_section":"CS 2336.001","title":"Computer Science II","credit_hours":"3","instructor":"Brian Ricks","instructor_netid":"bwr031000","date_time":"Monday & Wednesday 10:00am - 11:15am","location":"ECSS 2.415","time_created":"2025-03-17 01:55:40","time_updated":"2025-03-17 01:55:40"},
{"id":"24","semester":"25SFull","course_num_section":"CS 2336.003","title":"Computer Science II","credit_hours":"3","instructor":"Brian Ricks","instructor_netid":"bwr031000","date_time":"Monday & Wednesday 11:30am - 12:45pm","location":"GR 2.530","time_created":"2025-03-17 01:55:40","time_updated":"2025-03-17 01:55:40"},
{"id":"25","semester":"25SOpen","course_num_section":"CS 2336.005","title":"Computer Science II","credit_hours":"3","instructor":"Jason Smith","instructor_netid":"jws130830","date_time":"Tuesday & Thursday 11:30am - 12:45pm","location":"ECSS 2.201","time_created":"2025-03-17 01:55:40","time_updated":"2025-03-17 01:55:40"},
{"id":"26","semester":"25SOpen","course_num_section":"CS 2336.007","title":"Computer Science II","credit_hours":"3","instructor":"Jeyakesavan Veerasamy","instructor_netid":"veerasam","date_time":"Tuesday & Thursday 2:30pm - 3:45pm","location":"ECSS 2.201","time_created":"2025-03-17 01:55:40","time_updated":"2025-03-17 01:55:40"},
{"id":"27","semester":"25SOpen","course_num_section":"CS 2336.008","title":"Computer Science II","credit_hours":"3","instructor":"Aditya Srivastava","instructor_netid":"axs142531","date_time":"Tuesday & Thursday 2:30pm - 3:45pm","location":"ECSS 2.203","time_created":"2025-03-17 01:55:40","time_updated":"2025-03-17 01:55:40"},
{"id":"28","semester":"25SOpen","course_num_section":"CS 2336.501","title":"Computer Science II","credit_hours":"3","instructor":"David Sims","instructor_netid":"dxs190044","date_time":"Tuesday & Thursday 5:30pm - 6:45pm","location":"ECSS 2.306","time_created":"2025-03-17 01:55:40","time_updated":"2025-03-17 01:55:40"},
{"id":"29","semester":"25SOpen","course_num_section":"CS 2337.501","title":"Computer Science II","credit_hours":"3","instructor":"Doug DeGroot\n, Gordon Arnold","instructor_netid":"dxd180020","date_time":"Tuesday & Thursday 5:30pm - 6:45pm","location":"ECSS 2.415","time_created":"2025-03-17 01:55:40","time_updated":"2025-03-17 01:55:40"},
{"id":"30","semester":"25SOpen","course_num_section":"CS 2340.001","title":"Computer Architecture","credit_hours":"3","instructor":"Alice Wang","instructor_netid":"axw230018","date_time":"Monday & Wednesday 10:00am - 11:15am","location":"JO 4.614","time_created":"2025-03-17 01:55:40","time_updated":"2025-03-17 01:55:40"},
{"id":"31","semester":"25SOpen","course_num_section":"CS 2340.003","title":"Computer Architecture","credit_hours":"3","instructor":"Alice Wang","instructor_netid":"axw230018","date_time":"Monday & Wednesday 1:00pm - 2:15pm","location":"ECSS 2.311","time_created":"2025-03-17 01:55:40","time_updated":"2025-03-17 01:55:40"},
{"id":"32","semester":"25SOpen","course_num_section":"CS 2340.004","title":"Computer Architecture","credit_hours":"3","instructor":"Yvo Desmedt","instructor_netid":"ygd120030","date_time":"Monday & Wednesday 1:00pm - 2:15pm","location":"ECSW 1.365","time_created":"2025-03-17 01:55:40","time_updated":"2025-03-17 01:55:40"},
{"id":"33","semester":"25SFull","course_num_section":"CS 2340.005","title":"Computer Architecture","credit_hours":"3","instructor":"Wafa Jaffal","instructor_netid":"wxj210000","date_time":"Monday & Wednesday 8:30am - 9:45am","location":"ECSS 2.311","time_created":"2025-03-17 01:55:40","time_updated":"2025-03-17 01:55:40"},
{"id":"34","semester":"25SOpen","course_num_section":"CS 2340.006","title":"Computer Architecture","credit_hours":"3","instructor":"Alice Wang","instructor_netid":"axw230018","date_time":"Tuesday & Thursday 2:30pm - 3:45pm","location":"ECSS 2.305","time_created":"2025-03-17 01:55:40","time_updated":"2025-03-17 01:55:40"},
{"id":"35","semester":"25SOpen","course_num_section":"CS 2340.007","title":"Computer Architecture","credit_hours":"3","instructor":"Wafa Jaffal","instructor_netid":"wxj210000","date_time":"Monday & Wednesday 10:00am - 11:15am","location":"ECSS 2.311","time_created":"2025-03-17 01:55:40","time_updated":"2025-03-17 01:55:40"},
{"id":"36","semester":"25SOpen","course_num_section":"CS 2340.008","title":"Computer Architecture","credit_hours":"3","instructor":"Nhut Nguyen","instructor_netid":"nhutnn","date_time":"Tuesday & Thursday 4:00pm - 5:15pm","location":"ECSS 2.305","time_created":"2025-03-17 01:55:40","time_updated":"2025-03-17 01:55:40"},
{"id":"37","semester":"25SOpen","course_num_section":"CS 2340.hn1","title":"Computer Architecture  - CV Honors","credit_hours":"3","instructor":"Nhut Nguyen","instructor_netid":"nhutnn","date_time":"Tuesday & Thursday 10:00am - 11:15am","location":"AD 3.216","time_created":"2025-03-17 01:55:40","time_updated":"2025-03-17 01:55:40"},
{"id":"38","semester":"25SFull","course_num_section":"CS 3162.051","title":"Professional Responsibility in Computer Science and Software Engineering  (1 Semester Credit Hour)","credit_hours":"","instructor":"John Cole","instructor_netid":"jxc064000","date_time":"Tuesday & Thursday 9:00am - 9:50am","location":"FN 2.102","time_created":"2025-03-17 01:55:40","time_updated":"2025-03-17 01:55:40"},
{"id":"39","semester":"25SOpen","course_num_section":"CS 3162.052","title":"Professional Responsibility in Computer Science and Software Engineering  (1 Semester Credit Hour)","credit_hours":"","instructor":"John Cole","instructor_netid":"jxc064000","date_time":"Tuesday & Thursday 8:00am - 8:50am","location":"FN 2.102","time_created":"2025-03-17 01:55:40","time_updated":"2025-03-17 01:55:40"},
{"id":"40","semester":"25SOpen","course_num_section":"CS 3162.091","title":"Professional Responsibility in Computer Science and Software Engineering  (1 Semester Credit Hour)","credit_hours":"","instructor":"John Cole","instructor_netid":"jxc064000","date_time":"Tuesday & Thursday 9:00am - 9:50am","location":"FN 2.102","time_created":"2025-03-17 01:55:40","time_updated":"2025-03-17 01:55:40"},
{"id":"41","semester":"25SOpen","course_num_section":"CS 3162.092","title":"Professional Responsibility in Computer Science and Software Engineering  (1 Semester Credit Hour)","credit_hours":"","instructor":"John Cole","instructor_netid":"jxc064000","date_time":"Tuesday & Thursday 8:00am - 8:50am","location":"FN 2.102","time_created":"2025-03-17 01:55:40","time_updated":"2025-03-17 01:55:40"},
{"id":"42","semester":"25SOpen","course_num_section":"CS 3341.001","title":"Probability and Statistics in Computer Science and Software Engineering","credit_hours":"3","instructor":"Octavious Smiley","instructor_netid":"oxs230011","date_time":"Monday & Wednesday 11:30am - 12:45pm","location":"ECSS 2.410","time_created":"2025-03-17 01:55:40","time_updated":"2025-03-17 01:55:40"},
{"id":"43","semester":"25SOpen","course_num_section":"CS 3341.002","title":"Probability and Statistics in Computer Science and Software Engineering","credit_hours":"3","instructor":"Huizhen Guo","instructor_netid":"hxg190020","date_time":"Tuesday & Thursday 2:30pm - 3:45pm","location":"ECSS 2.415","time_created":"2025-03-17 01:55:40","time_updated":"2025-03-17 01:55:40"},
{"id":"44","semester":"25SOpen","course_num_section":"CS 3341.003","title":"Probability and Statistics in Computer Science and Software Engineering","credit_hours":"3","instructor":"Huizhen Guo","instructor_netid":"hxg190020","date_time":"Tuesday & Thursday 1:00pm - 2:15pm","location":"ECSS 2.412","time_created":"2025-03-17 01:55:40","time_updated":"2025-03-17 01:55:40"},
{"id":"45","semester":"25SOpen","course_num_section":"CS 3341.004","title":"Probability and Statistics in Computer Science and Software Engineering","credit_hours":"3","instructor":"Huizhen Guo","instructor_netid":"hxg190020","date_time":"Monday & Wednesday 2:30pm - 3:45pm","location":"ECSS 2.415","time_created":"2025-03-17 01:55:40","time_updated":"2025-03-17 01:55:40"},
{"id":"46","semester":"25SOpen","course_num_section":"CS 3341.005","title":"Probability and Statistics in Computer Science and Software Engineering","credit_hours":"3","instructor":"Shengjie Jiang","instructor_netid":"sxj220069","date_time":"Monday & Wednesday 8:30am - 9:45am","location":"ECSS 2.415","time_created":"2025-03-17 01:55:40","time_updated":"2025-03-17 01:55:40"},
{"id":"47","semester":"25SOpen","course_num_section":"CS 3341.006","title":"Probability and Statistics in Computer Science and Software Engineering","credit_hours":"3","instructor":"Octavious Smiley","instructor_netid":"oxs230011","date_time":"Monday & Wednesday 4:00pm - 5:15pm","location":"HH 2.402","time_created":"2025-03-17 01:55:40","time_updated":"2025-03-17 01:55:40"},
{"id":"48","semester":"25SOpen","course_num_section":"CS 3341.501","title":"Probability and Statistics in Computer Science and Software Engineering","credit_hours":"3","instructor":"Octavious Smiley","instructor_netid":"oxs230011","date_time":"Monday & Wednesday 5:30pm - 6:45pm","location":"ECSW 1.315","time_created":"2025-03-17 01:55:40","time_updated":"2025-03-17 01:55:40"},
{"id":"49","semester":"25SOpen","course_num_section":"CS 3345.001","title":"Data Structures and Introduction to Algorithmic Analysis","credit_hours":"3","instructor":"Yvo Desmedt","instructor_netid":"ygd120030","date_time":"Monday & Wednesday 10:00am - 11:15am","location":"ECSS 2.412","time_created":"2025-03-17 01:55:40","time_updated":"2025-03-17 01:55:40"},
{"id":"50","semester":"25SOpen","course_num_section":"CS 3345.002","title":"Data Structures and Introduction to Algorithmic Analysis","credit_hours":"3","instructor":"Meghana Satpute","instructor_netid":"mns086000","date_time":"Tuesday & Thursday 1:00pm - 2:15pm","location":"ECSS 2.311","time_created":"2025-03-17 01:55:40","time_updated":"2025-03-17 01:55:40"},
{"id":"51","semester":"25SFull","course_num_section":"CS 3345.003","title":"Data Structures and Introduction to Algorithmic Analysis","credit_hours":"3","instructor":"Sridhar Alagar","instructor_netid":"sxa173731","date_time":"Monday & Wednesday 10:00am - 11:15am","location":"ECSS 2.306","time_created":"2025-03-17 01:55:40","time_updated":"2025-03-17 01:55:40"},
{"id":"52","semester":"25SFull","course_num_section":"CS 3345.005","title":"Data Structures and Introduction to Algorithmic Analysis","credit_hours":"3","instructor":"Omar Hamdy","instructor_netid":"oxh210004","date_time":"Monday & Wednesday 8:30am - 9:45am","location":"ECSS 2.305","time_created":"2025-03-17 01:55:40","time_updated":"2025-03-17 01:55:40"},
{"id":"53","semester":"25SOpen","course_num_section":"CS 3345.006","title":"Data Structures and Introduction to Algorithmic Analysis","credit_hours":"3","instructor":"Sruthi Chappidi","instructor_netid":"sxc105920","date_time":"Monday & Wednesday 8:30am - 9:45am","location":"ECSS 2.306","time_created":"2025-03-17 01:55:40","time_updated":"2025-03-17 01:55:40"},
{"id":"54","semester":"25SFull","course_num_section":"CS 3345.007","title":"Data Structures and Introduction to Algorithmic Analysis","credit_hours":"3","instructor":"Meghana Satpute","instructor_netid":"mns086000","date_time":"Monday & Wednesday 10:00am - 11:15am","location":"JO 3.601","time_created":"2025-03-17 01:55:40","time_updated":"2025-03-17 01:55:40"},
{"id":"55","semester":"25SOpen","course_num_section":"CS 3345.008","title":"Data Structures and Introduction to Algorithmic Analysis","credit_hours":"3","instructor":"Parisa Darbari","instructor_netid":"dal776869","date_time":"Monday & Wednesday 8:30am - 9:45am","location":"ECSS 2.412","time_created":"2025-03-17 01:55:40","time_updated":"2025-03-17 01:55:40"},
{"id":"56","semester":"25SOpen","course_num_section":"CS 3345.009","title":"Data Structures and Introduction to Algorithmic Analysis","credit_hours":"3","instructor":"Yi Zhao","instructor_netid":"zhao","date_time":"Tuesday & Thursday 1:00pm - 2:15pm","location":"ECSW 1.365","time_created":"2025-03-17 01:55:40","time_updated":"2025-03-17 01:55:40"},
{"id":"57","semester":"25SFull","course_num_section":"CS 3345.501","title":"Data Structures and Introduction to Algorithmic Analysis","credit_hours":"3","instructor":"Omar Hamdy","instructor_netid":"oxh210004","date_time":"Tuesday & Thursday 5:30pm - 6:45pm","location":"ECSS 2.305","time_created":"2025-03-17 01:55:40","time_updated":"2025-03-17 01:55:40"},
{"id":"58","semester":"25SFull","course_num_section":"CS 3345.502","title":"Data Structures and Introduction to Algorithmic Analysis","credit_hours":"3","instructor":"Ziaullah Khan","instructor_netid":"kkhan","date_time":"Tuesday & Thursday 5:30pm - 6:45pm","location":"ECSS 2.410","time_created":"2025-03-17 01:55:40","time_updated":"2025-03-17 01:55:40"},
{"id":"59","semester":"25SFull","course_num_section":"CS 3345.504","title":"Data Structures and Introduction to Algorithmic Analysis","credit_hours":"3","instructor":"Ziaullah Khan","instructor_netid":"kkhan","date_time":"Monday & Wednesday 5:30pm - 6:45pm","location":"ECSS 2.415","time_created":"2025-03-17 01:55:40","time_updated":"2025-03-17 01:55:40"},
{"id":"60","semester":"25SFull","course_num_section":"CS 3354.001","title":"Software Engineering","credit_hours":"3","instructor":"Tien Nguyen","instructor_netid":"tnn160630","date_time":"Monday & Wednesday 1:00pm - 2:15pm","location":"ECSS 2.306","time_created":"2025-03-17 01:55:40","time_updated":"2025-03-17 01:55:40"},
{"id":"61","semester":"25SFull","course_num_section":"CS 3354.002","title":"Software Engineering","credit_hours":"3","instructor":"Srimathi Srinivasan","instructor_netid":"sxs180206","date_time":"Monday & Wednesday 2:30pm - 3:45pm","location":"SCI 1.210","time_created":"2025-03-17 01:55:40","time_updated":"2025-03-17 01:55:40"},
{"id":"62","semester":"25SFull","course_num_section":"CS 3354.003","title":"Software Engineering","credit_hours":"3","instructor":"Ranran Feng","instructor_netid":"rxf090020","date_time":"Monday & Wednesday 1:00pm - 2:15pm","location":"ECSW 1.355","time_created":"2025-03-17 01:55:40","time_updated":"2025-03-17 01:55:40"},
{"id":"63","semester":"25SFull","course_num_section":"CS 3354.004","title":"Software Engineering","credit_hours":"3","instructor":"Ranran Feng","instructor_netid":"rxf090020","date_time":"Monday & Wednesday 11:30am - 12:45pm","location":"ECSS 2.203","time_created":"2025-03-17 01:55:40","time_updated":"2025-03-17 01:55:40"},
{"id":"64","semester":"25SOpen","course_num_section":"CS 3354.005","title":"Software Engineering","credit_hours":"3","instructor":"Priya Narayanasami","instructor_netid":"pxn173330","date_time":"Tuesday & Thursday 10:00am - 11:15am","location":"ECSW 1.365","time_created":"2025-03-17 01:55:40","time_updated":"2025-03-17 01:55:40"},
{"id":"65","semester":"25SOpen","course_num_section":"CS 3354.006","title":"Software Engineering","credit_hours":"3","instructor":"Mehra Nouroz Borazjany","instructor_netid":"mxn143230","date_time":"Monday & Wednesday 2:30pm - 3:45pm","location":"ECSW 1.355","time_created":"2025-03-17 01:55:40","time_updated":"2025-03-17 01:55:40"},
{"id":"66","semester":"25SOpen","course_num_section":"CS 3354.007","title":"Software Engineering","credit_hours":"3","instructor":"Priya Narayanasami","instructor_netid":"pxn173330","date_time":"Tuesday & Thursday 2:30pm - 3:45pm","location":"ECSW 1.365","time_created":"2025-03-17 01:55:40","time_updated":"2025-03-17 01:55:40"},
{"id":"67","semester":"25SOpen","course_num_section":"CS 3354.008","title":"Software Engineering","credit_hours":"3","instructor":"Sruthi Chappidi","instructor_netid":"sxc105920","date_time":"Tuesday & Thursday 10:00am - 11:15am","location":"ECSW 1.355","time_created":"2025-03-17 01:55:40","time_updated":"2025-03-17 01:55:40"},
{"id":"68","semester":"25SOpen","course_num_section":"CS 3354.010","title":"Software Engineering","credit_hours":"3","instructor":"Sruthi Chappidi","instructor_netid":"sxc105920","date_time":"Tuesday & Thursday 11:30am - 12:45pm","location":"ECSS 2.203","time_created":"2025-03-17 01:55:40","time_updated":"2025-03-17 01:55:40"},
{"id":"69","semester":"25SOpen","course_num_section":"CS 3354.hon","title":"Software Engineering  - Honors","credit_hours":"3","instructor":"Tien Nguyen","instructor_netid":"tnn160630","date_time":"Tuesday & Thursday 2:30pm - 3:45pm","location":"AD 2.216","time_created":"2025-03-17 01:55:40","time_updated":"2025-03-17 01:55:40"},
{"id":"70","semester":"25SFull","course_num_section":"CS 3377.001","title":"Systems Programming in UNIX and Other Environments","credit_hours":"3","instructor":"Mohamed Amine Belkoura","instructor_netid":"mxb135330","date_time":"Monday & Wednesday 4:00pm - 5:15pm","location":"JO 4.614","time_created":"2025-03-17 01:55:40","time_updated":"2025-03-17 01:55:40"},
{"id":"71","semester":"25SOpen","course_num_section":"CS 3377.002","title":"Systems Programming in UNIX and Other Environments","credit_hours":"3","instructor":"Richard Min","instructor_netid":"rkm010300","date_time":"Tuesday & Thursday 11:30am - 12:45pm","location":"ECSW 1.365","time_created":"2025-03-17 01:55:40","time_updated":"2025-03-17 01:55:40"},
{"id":"72","semester":"25SOpen","course_num_section":"CS 3377.003","title":"Systems Programming in UNIX and Other Environments","credit_hours":"3","instructor":"Sridhar Alagar","instructor_netid":"sxa173731","date_time":"Monday & Wednesday 4:00pm - 5:15pm","location":"ECSS 2.415","time_created":"2025-03-17 01:55:40","time_updated":"2025-03-17 01:55:40"},
{"id":"73","semester":"25SOpen","course_num_section":"CS 3377.004","title":"Systems Programming in UNIX and Other Environments","credit_hours":"3","instructor":"Richard Min","instructor_netid":"rkm010300","date_time":"Tuesday & Thursday 8:30am - 9:45am","location":"ECSS 2.412","time_created":"2025-03-17 01:55:40","time_updated":"2025-03-17 01:55:40"},
{"id":"74","semester":"25SFull","course_num_section":"CS 3377.005","title":"Systems Programming in UNIX and Other Environments","credit_hours":"3","instructor":"Jeyakesavan Veerasamy","instructor_netid":"veerasam","date_time":"Tuesday & Thursday 8:30am - 9:45am","location":"ECSS 2.415","time_created":"2025-03-17 01:55:40","time_updated":"2025-03-17 01:55:40"},
{"id":"75","semester":"25SFull","course_num_section":"CS 3377.006","title":"Systems Programming in UNIX and Other Environments","credit_hours":"3","instructor":"Jeyakesavan Veerasamy","instructor_netid":"veerasam","date_time":"Tuesday & Thursday 11:30am - 12:45pm","location":"GR 2.302","time_created":"2025-03-17 01:55:40","time_updated":"2025-03-17 01:55:40"},
{"id":"76","semester":"25SFull","course_num_section":"CS 3377.502","title":"Systems Programming in UNIX and Other Environments","credit_hours":"3","instructor":"Mohamed Amine Belkoura","instructor_netid":"mxb135330","date_time":"Monday & Wednesday 5:30pm - 6:45pm","location":"JO 4.614","time_created":"2025-03-17 01:55:40","time_updated":"2025-03-17 01:55:40"},
{"id":"77","semester":"25SFull","course_num_section":"CS 3377.5w1","title":"Systems Programming in UNIX and Other Environments","credit_hours":"3","instructor":"Scott Dollinger","instructor_netid":"smd013000","date_time":"Monday & Wednesday 5:30pm - 6:45pm","location":"No Meeting Room","time_created":"2025-03-17 01:55:40","time_updated":"2025-03-17 01:55:40"},
{"id":"78","semester":"25SFull","course_num_section":"CS 4141.101","title":"Digital Systems Laboratory  (1 Semester Credit Hour)","credit_hours":"","instructor":"Eric Becker","instructor_netid":"ewb160130","date_time":"2025-02-10 Monday 1:00pm - 3:45pm","location":"ECSN 3.112","time_created":"2025-03-17 01:55:40","time_updated":"2025-03-17 01:55:40"},
{"id":"79","semester":"25SOpen","course_num_section":"CS 4141.102","title":"Digital Systems Laboratory  (1 Semester Credit Hour)","credit_hours":"","instructor":"Eric Becker","instructor_netid":"ewb160130","date_time":"2025-02-11 Tuesday 4:00pm - 6:45pm","location":"ECSN 3.112","time_created":"2025-03-17 01:55:40","time_updated":"2025-03-17 01:55:40"},
{"id":"80","semester":"25SFull","course_num_section":"CS 4141.103","title":"Digital Systems Laboratory  (1 Semester Credit Hour)","credit_hours":"","instructor":"Eric Becker","instructor_netid":"ewb160130","date_time":"2025-02-12 Wednesday 4:00pm - 6:45pm","location":"ECSN 3.112","time_created":"2025-03-17 01:55:40","time_updated":"2025-03-17 01:55:40"},
{"id":"81","semester":"25SFull","course_num_section":"CS 4141.104","title":"Digital Systems Laboratory  (1 Semester Credit Hour)","credit_hours":"","instructor":"Eric Becker","instructor_netid":"ewb160130","date_time":"2025-02-13 Thursday 4:00pm - 6:45pm","location":"ECSN 3.112","time_created":"2025-03-17 01:55:40","time_updated":"2025-03-17 01:55:40"},
{"id":"82","semester":"25SFull","course_num_section":"CS 4141.105","title":"Digital Systems Laboratory  (1 Semester Credit Hour)","credit_hours":"","instructor":"Eric Becker","instructor_netid":"ewb160130","date_time":"2025-02-14 Friday 1:00pm - 3:45pm","location":"ECSN 3.112","time_created":"2025-03-17 01:55:40","time_updated":"2025-03-17 01:55:40"},
{"id":"83","semester":"25SFull","course_num_section":"CS 4141.106","title":"Digital Systems Laboratory  (1 Semester Credit Hour)","credit_hours":"","instructor":"Eric Becker","instructor_netid":"ewb160130","date_time":"2025-02-17 Monday 1:00pm - 3:45pm","location":"ECSN 3.112","time_created":"2025-03-17 01:55:40","time_updated":"2025-03-17 01:55:40"},
{"id":"84","semester":"25SFull","course_num_section":"CS 4141.107","title":"Digital Systems Laboratory  (1 Semester Credit Hour)","credit_hours":"","instructor":"Eric Becker","instructor_netid":"ewb160130","date_time":"2025-02-18 Tuesday 4:00pm - 6:45pm","location":"ECSN 3.112","time_created":"2025-03-17 01:55:40","time_updated":"2025-03-17 01:55:40"},
{"id":"85","semester":"25SFull","course_num_section":"CS 4141.108","title":"Digital Systems Laboratory  (1 Semester Credit Hour)","credit_hours":"","instructor":"Eric Becker","instructor_netid":"ewb160130","date_time":"2025-02-19 Wednesday 4:00pm - 6:45pm","location":"ECSN 3.112","time_created":"2025-03-17 01:55:40","time_updated":"2025-03-17 01:55:40"},
{"id":"86","semester":"25SFull","course_num_section":"CS 4141.109","title":"Digital Systems Laboratory  (1 Semester Credit Hour)","credit_hours":"","instructor":"Eric Becker","instructor_netid":"ewb160130","date_time":"2025-02-20 Thursday 4:00pm - 6:45pm","location":"ECSN 3.112","time_created":"2025-03-17 01:55:40","time_updated":"2025-03-17 01:55:40"},
{"id":"87","semester":"25SOpen","course_num_section":"CS 4141.110","title":"Digital Systems Laboratory  (1 Semester Credit Hour)","credit_hours":"","instructor":"Eric Becker","instructor_netid":"ewb160130","date_time":"2025-02-21 Friday 1:00pm - 3:45pm","location":"ECSN 3.112","time_created":"2025-03-17 01:55:40","time_updated":"2025-03-17 01:55:40"},
{"id":"88","semester":"25SFull","course_num_section":"CS 4141.111","title":"Digital Systems Laboratory  (1 Semester Credit Hour)","credit_hours":"","instructor":"Eric Becker","instructor_netid":"ewb160130","date_time":"2025-02-10 Monday 4:00pm - 6:45pm","location":"ECSN 3.114","time_created":"2025-03-17 01:55:40","time_updated":"2025-03-17 01:55:40"},
{"id":"89","semester":"25SFull","course_num_section":"CS 4141.112","title":"Digital Systems Laboratory  (1 Semester Credit Hour)","credit_hours":"","instructor":"Eric Becker","instructor_netid":"ewb160130","date_time":"2025-02-11 Tuesday 4:00pm - 6:45pm","location":"ECSN 3.114","time_created":"2025-03-17 01:55:40","time_updated":"2025-03-17 01:55:40"},
{"id":"90","semester":"25SFull","course_num_section":"CS 4141.113","title":"Digital Systems Laboratory  (1 Semester Credit Hour)","credit_hours":"","instructor":"Eric Becker","instructor_netid":"ewb160130","date_time":"2025-02-12 Wednesday 4:00pm - 6:45pm","location":"ECSN 3.114","time_created":"2025-03-17 01:55:40","time_updated":"2025-03-17 01:55:40"},
{"id":"91","semester":"25SOpen","course_num_section":"CS 4141.114","title":"Digital Systems Laboratory  (1 Semester Credit Hour)","credit_hours":"","instructor":"Eric Becker","instructor_netid":"ewb160130","date_time":"2025-02-13 Thursday 4:00pm - 6:45pm","location":"ECSN 3.114","time_created":"2025-03-17 01:55:40","time_updated":"2025-03-17 01:55:40"},
{"id":"92","semester":"25SOpen","course_num_section":"CS 4141.115","title":"Digital Systems Laboratory  (1 Semester Credit Hour)","credit_hours":"","instructor":"Eric Becker","instructor_netid":"ewb160130","date_time":"2025-02-14 Friday 1:00pm - 3:45pm","location":"ECSN 3.114","time_created":"2025-03-17 01:55:40","time_updated":"2025-03-17 01:55:40"},
{"id":"93","semester":"25SOpen","course_num_section":"CS 4141.116","title":"Digital Systems Laboratory  (1 Semester Credit Hour)","credit_hours":"","instructor":"Eric Becker","instructor_netid":"ewb160130","date_time":"2025-02-19 Wednesday 4:00pm - 6:45pm","location":"ECSN 3.114","time_created":"2025-03-17 01:55:40","time_updated":"2025-03-17 01:55:40"},
{"id":"94","semester":"25SFull","course_num_section":"CS 4141.117","title":"Digital Systems Laboratory  (1 Semester Credit Hour)","credit_hours":"","instructor":"Eric Becker","instructor_netid":"ewb160130","date_time":"2025-02-20 Thursday 4:00pm - 6:45pm","location":"ECSN 3.114","time_created":"2025-03-17 01:55:40","time_updated":"2025-03-17 01:55:40"},
{"id":"95","semester":"25SFull","course_num_section":"CS 4141.118","title":"Digital Systems Laboratory  (1 Semester Credit Hour)","credit_hours":"","instructor":"Eric Becker","instructor_netid":"ewb160130","date_time":"2025-02-21 Friday 1:00pm - 3:45pm","location":"ECSN 3.114","time_created":"2025-03-17 01:55:40","time_updated":"2025-03-17 01:55:40"},
{"id":"96","semester":"25SFull","course_num_section":"CS 4141.601","title":"Digital Systems Laboratory  (1 Semester Credit Hour)","credit_hours":"","instructor":"Eric Becker","instructor_netid":"ewb160130","date_time":"2025-02-10 Monday 7:00pm - 9:45pm","location":"ECSN 3.112","time_created":"2025-03-17 01:55:40","time_updated":"2025-03-17 01:55:40"},
{"id":"97","semester":"25SFull","course_num_section":"CS 4141.602","title":"Digital Systems Laboratory  (1 Semester Credit Hour)","credit_hours":"","instructor":"Eric Becker","instructor_netid":"ewb160130","date_time":"2025-02-11 Tuesday 7:00pm - 9:45pm","location":"ECSN 3.112","time_created":"2025-03-17 01:55:40","time_updated":"2025-03-17 01:55:40"},
{"id":"98","semester":"25SFull","course_num_section":"CS 4141.603","title":"Digital Systems Laboratory  (1 Semester Credit Hour)","credit_hours":"","instructor":"Eric Becker","instructor_netid":"ewb160130","date_time":"2025-02-12 Wednesday 7:00pm - 9:45pm","location":"ECSN 3.112","time_created":"2025-03-17 01:55:40","time_updated":"2025-03-17 01:55:40"},
{"id":"99","semester":"25SOpen","course_num_section":"CS 4141.604","title":"Digital Systems Laboratory  (1 Semester Credit Hour)","credit_hours":"","instructor":"Eric Becker","instructor_netid":"ewb160130","date_time":"2025-02-13 Thursday 7:00pm - 9:45pm","location":"ECSN 3.112","time_created":"2025-03-17 01:55:40","time_updated":"2025-03-17 01:55:40"},
{"id":"100","semester":"25SOpen","course_num_section":"CS 4141.605","title":"Digital Systems Laboratory  (1 Semester Credit Hour)","credit_hours":"","instructor":"Eric Becker","instructor_netid":"ewb160130","date_time":"2025-02-14 Friday 7:00pm - 9:45pm","location":"ECSN 3.112","time_created":"2025-03-17 01:55:40","time_updated":"2025-03-17 01:55:40"},
{"id":"101","semester":"25SFull","course_num_section":"CS 4141.606","title":"Digital Systems Laboratory  (1 Semester Credit Hour)","credit_hours":"","instructor":"Eric Becker","instructor_netid":"ewb160130","date_time":"2025-02-17 Monday 7:00pm - 9:45pm","location":"ECSN 3.112","time_created":"2025-03-17 01:55:40","time_updated":"2025-03-17 01:55:40"},
{"id":"102","semester":"25SFull","course_num_section":"CS 4141.607","title":"Digital Systems Laboratory  (1 Semester Credit Hour)","credit_hours":"","instructor":"Eric Becker","instructor_netid":"ewb160130","date_time":"2025-02-18 Tuesday 7:00pm - 9:45pm","location":"ECSN 3.112","time_created":"2025-03-17 01:55:40","time_updated":"2025-03-17 01:55:40"},
{"id":"103","semester":"25SOpen","course_num_section":"CS 4141.608","title":"Digital Systems Laboratory  (1 Semester Credit Hour)","credit_hours":"","instructor":"Eric Becker","instructor_netid":"ewb160130","date_time":"2025-02-19 Wednesday 7:00pm - 9:45pm","location":"ECSN 3.112","time_created":"2025-03-17 01:55:40","time_updated":"2025-03-17 01:55:40"},
{"id":"104","semester":"25SFull","course_num_section":"CS 4141.609","title":"Digital Systems Laboratory  (1 Semester Credit Hour)","credit_hours":"","instructor":"Eric Becker","instructor_netid":"ewb160130","date_time":"2025-02-20 Thursday 7:00pm - 9:45pm","location":"ECSN 3.112","time_created":"2025-03-17 01:55:40","time_updated":"2025-03-17 01:55:40"},
{"id":"105","semester":"25SOpen","course_num_section":"CS 4141.610","title":"Digital Systems Laboratory  (1 Semester Credit Hour)","credit_hours":"","instructor":"Eric Becker","instructor_netid":"ewb160130","date_time":"2025-02-21 Friday 7:00pm - 9:45pm","location":"ECSN 3.112","time_created":"2025-03-17 01:55:40","time_updated":"2025-03-17 01:55:40"},
{"id":"106","semester":"25SOpen","course_num_section":"CS 4141.ho1","title":"Digital Systems Laboratory  - Honors (1 Semester Credit Hour)","credit_hours":"","instructor":"Eric Becker","instructor_netid":"ewb160130","date_time":"2025-02-17 Monday 1:00pm - 3:45pm","location":"ECSN 3.114","time_created":"2025-03-17 01:55:40","time_updated":"2025-03-17 01:55:40"},
{"id":"107","semester":"25SOpen","course_num_section":"CS 4141.hon","title":"Digital Systems Laboratory  - Honors (1 Semester Credit Hour)","credit_hours":"","instructor":"Eric Becker","instructor_netid":"ewb160130","date_time":"2025-02-18 Tuesday 4:00pm - 6:45pm","location":"ECSN 3.114","time_created":"2025-03-17 01:55:40","time_updated":"2025-03-17 01:55:40"},
{"id":"108","semester":"25SOpen","course_num_section":"CS 4301.001","title":"Special Topics in Computer Science  - Combinatorial Optimization","credit_hours":"3","instructor":"Emily Fox","instructor_netid":"kjf170230","date_time":"Monday & Wednesday 11:30am - 12:45pm","location":"ECSW 1.355","time_created":"2025-03-17 01:55:40","time_updated":"2025-03-17 01:55:40"},
{"id":"109","semester":"25SOpen","course_num_section":"CS 4301.002","title":"Special Topics in Computer Science  - Adv Programming Languages","credit_hours":"3","instructor":"Kevin Hamlen","instructor_netid":"kxh060100","date_time":"Tuesday & Thursday 1:00pm - 2:15pm","location":"FN 2.202","time_created":"2025-03-17 01:55:40","time_updated":"2025-03-17 01:55:40"},
{"id":"110","semester":"25SOpen","course_num_section":"CS 4332.001","title":"Introduction to Programming Video Games","credit_hours":"3","instructor":"Rawan Alghofaili","instructor_netid":"rxa230065","date_time":"Tuesday & Thursday 10:00am - 11:15am","location":"GR 2.302","time_created":"2025-03-17 01:55:40","time_updated":"2025-03-17 01:55:40"},
{"id":"111","semester":"25SOpen","course_num_section":"CS 4334.001","title":"Numerical Analysis","credit_hours":"3","instructor":"Saikat Biswas","instructor_netid":"sxb230137","date_time":"Monday & Wednesday 11:30am - 12:45pm","location":"AD 2.216","time_created":"2025-03-17 01:55:40","time_updated":"2025-03-17 01:55:40"},
{"id":"112","semester":"25SOpen","course_num_section":"CS 4337.001","title":"Programming Language Paradigms","credit_hours":"3","instructor":"Yi Zhao","instructor_netid":"zhao","date_time":"Monday & Wednesday 11:30am - 12:45pm","location":"ECSS 2.306","time_created":"2025-03-17 01:55:40","time_updated":"2025-03-17 01:55:40"},
{"id":"113","semester":"25SFull","course_num_section":"CS 4337.002","title":"Programming Language Paradigms","credit_hours":"3","instructor":"Yi Zhao","instructor_netid":"zhao","date_time":"Monday & Wednesday 2:30pm - 3:45pm","location":"GR 2.302","time_created":"2025-03-17 01:55:40","time_updated":"2025-03-17 01:55:40"},
{"id":"114","semester":"25SOpen","course_num_section":"CS 4337.003","title":"Programming Language Paradigms","credit_hours":"3","instructor":"Gity Karami","instructor_netid":"gxk180009","date_time":"Monday & Wednesday 2:30pm - 3:45pm","location":"JO 4.614","time_created":"2025-03-17 01:55:40","time_updated":"2025-03-17 01:55:40"},
{"id":"115","semester":"25SOpen","course_num_section":"CS 4337.004","title":"Programming Language Paradigms","credit_hours":"3","instructor":"Jalal Omer","instructor_netid":"jso016000","date_time":"Tuesday & Thursday 8:30am - 9:45am","location":"ECSS 2.410","time_created":"2025-03-17 01:55:40","time_updated":"2025-03-17 01:55:40"},
{"id":"116","semester":"25SOpen","course_num_section":"CS 4337.005","title":"Programming Language Paradigms","credit_hours":"3","instructor":"Elmer Salazar","instructor_netid":"ees101020","date_time":"Tuesday & Thursday 2:30pm - 3:45pm","location":"JO 3.601","time_created":"2025-03-17 01:55:40","time_updated":"2025-03-17 01:55:40"},
{"id":"117","semester":"25SFull","course_num_section":"CS 4337.006","title":"Programming Language Paradigms","credit_hours":"3","instructor":"Chris Davis","instructor_netid":"cid021000","date_time":"Monday & Wednesday 11:30am - 12:45pm","location":"GR 2.302","time_created":"2025-03-17 01:55:40","time_updated":"2025-03-17 01:55:40"},
{"id":"118","semester":"25SFull","course_num_section":"CS 4337.007","title":"Programming Language Paradigms","credit_hours":"3","instructor":"Gity Karami","instructor_netid":"gxk180009","date_time":"Tuesday & Thursday 8:30am - 9:45am","location":"GR 2.302","time_created":"2025-03-17 01:55:40","time_updated":"2025-03-17 01:55:40"},
{"id":"119","semester":"25SOpen","course_num_section":"CS 4337.hon","title":"Programming Language Paradigms  - Honors","credit_hours":"3","instructor":"Chris Davis","instructor_netid":"cid021000","date_time":"Monday & Wednesday 4:00pm - 5:15pm","location":"ECSN 2.112","time_created":"2025-03-17 01:55:40","time_updated":"2025-03-17 01:55:40"},
{"id":"120","semester":"25SOpen","course_num_section":"CS 4341.001","title":"Digital Logic and Computer Design","credit_hours":"3","instructor":"Doug DeGroot\n, Alice Wang","instructor_netid":"dxd180020","date_time":"Tuesday & Thursday 1:00pm - 2:15pm","location":"ECSS 2.410","time_created":"2025-03-17 01:55:40","time_updated":"2025-03-17 01:55:40"},
{"id":"121","semester":"25SFull","course_num_section":"CS 4341.002","title":"Digital Logic and Computer Design","credit_hours":"3","instructor":"Bingzhe Li","instructor_netid":"bxl230006","date_time":"Tuesday & Thursday 10:00am - 11:15am","location":"ECSS 2.415","time_created":"2025-03-17 01:55:40","time_updated":"2025-03-17 01:55:40"},
{"id":"122","semester":"25SFull","course_num_section":"CS 4341.003","title":"Digital Logic and Computer Design","credit_hours":"3","instructor":"Omar Hamdy","instructor_netid":"oxh210004","date_time":"Monday & Wednesday 1:00pm - 2:15pm","location":"ECSS 2.412","time_created":"2025-03-17 01:55:40","time_updated":"2025-03-17 01:55:40"},
{"id":"123","semester":"25SFull","course_num_section":"CS 4341.004","title":"Digital Logic and Computer Design","credit_hours":"3","instructor":"Doug DeGroot\n, Gity Karami","instructor_netid":"dxd180020","date_time":"Tuesday & Thursday 10:00am - 11:15am","location":"ECSS 2.203","time_created":"2025-03-17 01:55:40","time_updated":"2025-03-17 01:55:40"},
{"id":"124","semester":"25SFull","course_num_section":"CS 4341.005","title":"Digital Logic and Computer Design","credit_hours":"3","instructor":"Gity Karami","instructor_netid":"gxk180009","date_time":"Monday & Wednesday 1:00pm - 2:15pm","location":"ECSS 2.415","time_created":"2025-03-17 01:55:40","time_updated":"2025-03-17 01:55:40"},
{"id":"125","semester":"25SOpen","course_num_section":"CS 4341.006","title":"Digital Logic and Computer Design","credit_hours":"3","instructor":"Eric Becker","instructor_netid":"ewb160130","date_time":"Tuesday & Thursday 1:00pm - 2:15pm","location":"ECSS 2.415","time_created":"2025-03-17 01:55:40","time_updated":"2025-03-17 01:55:40"},
{"id":"126","semester":"25SOpen","course_num_section":"CS 4341.hon","title":"Digital Logic and Computer Design  - Honors","credit_hours":"3","instructor":"Ebru Cankaya","instructor_netid":"exc067000","date_time":"Monday & Wednesday 10:00am - 11:15am","location":"PHY 1.103","time_created":"2025-03-17 01:55:40","time_updated":"2025-03-17 01:55:40"},
{"id":"127","semester":"25SFull","course_num_section":"CS 4347.001","title":"Database Systems","credit_hours":"3","instructor":"Jalal Omer","instructor_netid":"jso016000","date_time":"Monday & Wednesday 4:00pm - 5:15pm","location":"ECSS 2.306","time_created":"2025-03-17 01:55:40","time_updated":"2025-03-17 01:55:40"},
{"id":"128","semester":"25SOpen","course_num_section":"CS 4347.002","title":"Database Systems","credit_hours":"3","instructor":"Wei Wu","instructor_netid":"wxw020100","date_time":"Monday & Wednesday 2:30pm - 3:45pm","location":"ECSS 2.306","time_created":"2025-03-17 01:55:40","time_updated":"2025-03-17 01:55:40"},
{"id":"129","semester":"25SFull","course_num_section":"CS 4347.003","title":"Database Systems","credit_hours":"3","instructor":"Jalal Omer","instructor_netid":"jso016000","date_time":"Tuesday & Thursday 11:30am - 12:45pm","location":"GR 2.530","time_created":"2025-03-17 01:55:40","time_updated":"2025-03-17 01:55:40"},
{"id":"130","semester":"25SOpen","course_num_section":"CS 4347.004","title":"Database Systems","credit_hours":"3","instructor":"Pushpa Kumar","instructor_netid":"pkumar","date_time":"Monday & Wednesday 4:00pm - 5:15pm","location":"ECSS 2.305","time_created":"2025-03-17 01:55:40","time_updated":"2025-03-17 01:55:40"},
{"id":"131","semester":"25SFull","course_num_section":"CS 4347.005","title":"Database Systems","credit_hours":"3","instructor":"Xinda Wang","instructor_netid":"xxw230005","date_time":"Tuesday & Thursday 11:30am - 12:45pm","location":"ECSS 2.305","time_created":"2025-03-17 01:55:40","time_updated":"2025-03-17 01:55:40"},
{"id":"132","semester":"25SFull","course_num_section":"CS 4347.006","title":"Database Systems","credit_hours":"3","instructor":"Pushpa Kumar","instructor_netid":"pkumar","date_time":"Monday & Wednesday 2:30pm - 3:45pm","location":"ECSS 2.305","time_created":"2025-03-17 01:55:40","time_updated":"2025-03-17 01:55:40"},
{"id":"133","semester":"25SFull","course_num_section":"CS 4347.501","title":"Database Systems","credit_hours":"3","instructor":"Chris Davis","instructor_netid":"cid021000","date_time":"Tuesday & Thursday 5:30pm - 6:45pm","location":"GR 2.530","time_created":"2025-03-17 01:55:40","time_updated":"2025-03-17 01:55:40"},
{"id":"134","semester":"25SFull","course_num_section":"CS 4347.502","title":"Database Systems","credit_hours":"3","instructor":"Ziaullah Khan","instructor_netid":"kkhan","date_time":"Tuesday & Thursday 7:00pm - 8:15pm","location":"ECSS 2.412","time_created":"2025-03-17 01:55:40","time_updated":"2025-03-17 01:55:40"},
{"id":"135","semester":"25SFull","course_num_section":"CS 4348.001","title":"Operating Systems Concepts","credit_hours":"3","instructor":"Erik Peterson","instructor_netid":"eap190004","date_time":"Monday & Wednesday 1:00pm - 2:15pm","location":"ECSS 2.305","time_created":"2025-03-17 01:55:40","time_updated":"2025-03-17 01:55:40"},
{"id":"136","semester":"25SOpen","course_num_section":"CS 4348.002","title":"Operating Systems Concepts","credit_hours":"3","instructor":"I-Ling Yen","instructor_netid":"ilyen","date_time":"Tuesday & Thursday 4:00pm - 5:15pm","location":"ECSW 1.365","time_created":"2025-03-17 01:55:40","time_updated":"2025-03-17 01:55:40"},
{"id":"137","semester":"25SFull","course_num_section":"CS 4348.003","title":"Operating Systems Concepts","credit_hours":"3","instructor":"Elmer Salazar","instructor_netid":"ees101020","date_time":"Tuesday & Thursday 4:00pm - 5:15pm","location":"ECSS 2.312","time_created":"2025-03-17 01:55:40","time_updated":"2025-03-17 01:55:40"},
{"id":"138","semester":"25SOpen","course_num_section":"CS 4348.004","title":"Operating Systems Concepts","credit_hours":"3","instructor":"Neeraj Mittal","instructor_netid":"nxm020100","date_time":"Monday & Wednesday 1:00pm - 2:15pm","location":"JO 4.614","time_created":"2025-03-17 01:55:40","time_updated":"2025-03-17 01:55:40"},
{"id":"139","semester":"25SOpen","course_num_section":"CS 4348.501","title":"Operating Systems Concepts","credit_hours":"3","instructor":"Elmer Salazar","instructor_netid":"ees101020","date_time":"Monday & Wednesday 5:30pm - 6:45pm","location":"ECSW 1.365","time_created":"2025-03-17 01:55:40","time_updated":"2025-03-17 01:55:40"},
{"id":"140","semester":"25SOpen","course_num_section":"CS 4348.503","title":"Operating Systems Concepts","credit_hours":"3","instructor":"Jonathan Perry","instructor_netid":"jjp160630","date_time":"Tuesday & Thursday 5:30pm - 6:45pm","location":"ECSW 1.365","time_created":"2025-03-17 01:55:40","time_updated":"2025-03-17 01:55:40"},
{"id":"141","semester":"25SOpen","course_num_section":"CS 4349.001","title":"Advanced Algorithm Design and Analysis","credit_hours":"3","instructor":"James Willson","instructor_netid":"jkw053000","date_time":"Monday & Wednesday 11:30am - 12:45pm","location":"ECSS 2.412","time_created":"2025-03-17 01:55:40","time_updated":"2025-03-17 01:55:40"},
{"id":"142","semester":"25SOpen","course_num_section":"CS 4349.002","title":"Advanced Algorithm Design and Analysis","credit_hours":"3","instructor":"James Willson","instructor_netid":"jkw053000","date_time":"Monday & Wednesday 8:30am - 9:45am","location":"ECSS 2.410","time_created":"2025-03-17 01:55:40","time_updated":"2025-03-17 01:55:40"},
{"id":"143","semester":"25SOpen","course_num_section":"CS 4349.003","title":"Advanced Algorithm Design and Analysis","credit_hours":"3","instructor":"Ding Du","instructor_netid":"dxd056000","date_time":"Tuesday & Thursday 4:00pm - 5:15pm","location":"ECSW 1.355","time_created":"2025-03-17 01:55:40","time_updated":"2025-03-17 01:55:40"},
{"id":"144","semester":"25SFull","course_num_section":"CS 4349.004","title":"Advanced Algorithm Design and Analysis","credit_hours":"3","instructor":"Bhadrachalam Chitturi","instructor_netid":"chalam","date_time":"Tuesday & Thursday 2:30pm - 3:45pm","location":"ECSS 2.412","time_created":"2025-03-17 01:55:40","time_updated":"2025-03-17 01:55:40"},
{"id":"145","semester":"25SFull","course_num_section":"CS 4349.005","title":"Advanced Algorithm Design and Analysis","credit_hours":"3","instructor":"Serdar Erbatur","instructor_netid":"sxe190003","date_time":"Tuesday & Thursday 2:30pm - 3:45pm","location":"ECSS 2.410","time_created":"2025-03-17 01:55:40","time_updated":"2025-03-17 01:55:40"},
{"id":"146","semester":"25SOpen","course_num_section":"CS 4349.006","title":"Advanced Algorithm Design and Analysis","credit_hours":"3","instructor":"Bhadrachalam Chitturi","instructor_netid":"chalam","date_time":"Tuesday & Thursday 11:30am - 12:45pm","location":"ECSS 2.306","time_created":"2025-03-17 01:55:40","time_updated":"2025-03-17 01:55:40"},
{"id":"147","semester":"25SOpen","course_num_section":"CS 4349.007","title":"Advanced Algorithm Design and Analysis","credit_hours":"3","instructor":"Parisa Darbari","instructor_netid":"dal776869","date_time":"Monday & Wednesday 4:00pm - 5:15pm","location":"ECSS 2.203","time_created":"2025-03-17 01:55:40","time_updated":"2025-03-17 01:55:40"},
{"id":"148","semester":"25SFull","course_num_section":"CS 4352.001","title":"Introduction to Human-Computer Interaction","credit_hours":"3","instructor":"Erika Orrick","instructor_netid":"edo042000","date_time":"Monday 4:00pm - 6:45pm","location":"CRA 12.110","time_created":"2025-03-17 01:55:40","time_updated":"2025-03-17 01:55:40"},
{"id":"149","semester":"25SFull","course_num_section":"CS 4361.001","title":"Computer Graphics","credit_hours":"3","instructor":"Pushpa Kumar","instructor_netid":"pkumar","date_time":"Monday & Wednesday 11:30am - 12:45pm","location":"ECSS 2.305","time_created":"2025-03-17 01:55:40","time_updated":"2025-03-17 01:55:40"},
{"id":"150","semester":"25SOpen","course_num_section":"CS 4365.001","title":"Artificial Intelligence","credit_hours":"3","instructor":"Sanda Harabagiu","instructor_netid":"sanda","date_time":"Monday & Wednesday 2:30pm - 3:45pm","location":"ECSS 2.412","time_created":"2025-03-17 01:55:40","time_updated":"2025-03-17 01:55:40"},
{"id":"151","semester":"25SOpen","course_num_section":"CS 4365.002","title":"Artificial Intelligence","credit_hours":"3","instructor":"Yu Chung Ng","instructor_netid":"ycn041000","date_time":"Monday & Wednesday 4:00pm - 5:15pm","location":"ECSW 1.355","time_created":"2025-03-17 01:55:40","time_updated":"2025-03-17 01:55:40"},
{"id":"152","semester":"25SOpen","course_num_section":"CS 4365.003","title":"Artificial Intelligence","credit_hours":"3","instructor":"Vibhav Gogate","instructor_netid":"vxg112130","date_time":"Tuesday & Thursday 8:30am - 9:45am","location":"ECSW 1.355","time_created":"2025-03-17 01:55:40","time_updated":"2025-03-17 01:55:40"},
{"id":"153","semester":"25SOpen","course_num_section":"CS 4365.004","title":"Artificial Intelligence","credit_hours":"3","instructor":"Vlad Birsan","instructor_netid":"vib220000","date_time":"Tuesday & Thursday 4:00pm - 5:15pm","location":"SLC 1.102","time_created":"2025-03-17 01:55:40","time_updated":"2025-03-17 01:55:40"},
{"id":"154","semester":"25SOpen","course_num_section":"CS 4365.501","title":"Artificial Intelligence","credit_hours":"3","instructor":"Haim Schweitzer","instructor_netid":"haim","date_time":"Tuesday & Thursday 5:30pm - 6:45pm","location":"GR 2.302","time_created":"2025-03-17 01:55:40","time_updated":"2025-03-17 01:55:40"},
{"id":"155","semester":"25SOpen","course_num_section":"CS 4365.hon","title":"Artificial Intelligence  - Honors","credit_hours":"3","instructor":"Yu Chung Ng","instructor_netid":"ycn041000","date_time":"Monday & Wednesday 5:30pm - 6:45pm","location":"ECSN 2.112","time_created":"2025-03-17 01:55:40","time_updated":"2025-03-17 01:55:40"},
{"id":"156","semester":"25SOpen","course_num_section":"CS 4375.001","title":"Introduction to Machine Learning","credit_hours":"3","instructor":"Sriraam Natarajan","instructor_netid":"sxn177430","date_time":"Tuesday & Thursday 1:00pm - 2:15pm","location":"JO 3.601","time_created":"2025-03-17 01:55:40","time_updated":"2025-03-17 01:55:40"},
{"id":"157","semester":"25SOpen","course_num_section":"CS 4375.002","title":"Introduction to Machine Learning","credit_hours":"3","instructor":"Feng Chen","instructor_netid":"fxc190007","date_time":"Monday & Wednesday 2:30pm - 3:45pm","location":"HH 2.502","time_created":"2025-03-17 01:55:40","time_updated":"2025-03-17 01:55:40"},
{"id":"158","semester":"25SOpen","course_num_section":"CS 4375.003","title":"Introduction to Machine Learning","credit_hours":"3","instructor":"Rishabh Iyer","instructor_netid":"rki190000","date_time":"Tuesday & Thursday 4:00pm - 5:15pm","location":"MC 2.410","time_created":"2025-03-17 01:55:40","time_updated":"2025-03-17 01:55:40"},
{"id":"159","semester":"25SOpen","course_num_section":"CS 4375.004","title":"Introduction to Machine Learning","credit_hours":"3","instructor":"Tahrima Rahman","instructor_netid":"txr110830","date_time":"Tuesday & Thursday 1:00pm - 2:15pm","location":"JO 4.614","time_created":"2025-03-17 01:55:40","time_updated":"2025-03-17 01:55:40"},
{"id":"160","semester":"25SOpen","course_num_section":"CS 4375.501","title":"Introduction to Machine Learning","credit_hours":"3","instructor":"Erick Skorupa Parolin","instructor_netid":"exs172930","date_time":"Tuesday & Thursday 7:00pm - 8:15pm","location":"ECSS 2.410","time_created":"2025-03-17 01:55:40","time_updated":"2025-03-17 01:55:40"},
{"id":"161","semester":"25SOpen","course_num_section":"CS 4376.001","title":"Object-Oriented Design","credit_hours":"3","instructor":"Mark Paulk","instructor_netid":"mcp130030","date_time":"Tuesday & Thursday 8:30am - 9:45am","location":"MC 2.410","time_created":"2025-03-17 01:55:40","time_updated":"2025-03-17 01:55:40"},
{"id":"162","semester":"25SOpen","course_num_section":"CS 4376.002","title":"Object-Oriented Design","credit_hours":"3","instructor":"Mark Paulk","instructor_netid":"mcp130030","date_time":"Tuesday & Thursday 4:00pm - 5:15pm","location":"ECSS 2.410","time_created":"2025-03-17 01:55:40","time_updated":"2025-03-17 01:55:40"},
{"id":"163","semester":"25SOpen","course_num_section":"CS 4384.001","title":"Automata Theory","credit_hours":"3","instructor":"Bhadrachalam Chitturi","instructor_netid":"chalam","date_time":"Tuesday & Thursday 10:00am - 11:15am","location":"ECSS 2.410","time_created":"2025-03-17 01:55:40","time_updated":"2025-03-17 01:55:40"},
{"id":"164","semester":"25SOpen","course_num_section":"CS 4384.002","title":"Automata Theory","credit_hours":"3","instructor":"Simeon Ntafos","instructor_netid":"ntafos","date_time":"Monday & Wednesday 4:00pm - 5:15pm","location":"GR 3.420","time_created":"2025-03-17 01:55:40","time_updated":"2025-03-17 01:55:40"},
{"id":"165","semester":"25SFull","course_num_section":"CS 4384.003","title":"Automata Theory","credit_hours":"3","instructor":"Serdar Erbatur","instructor_netid":"sxe190003","date_time":"Monday & Wednesday 4:00pm - 5:15pm","location":"ECSW 1.315","time_created":"2025-03-17 01:55:40","time_updated":"2025-03-17 01:55:40"},
{"id":"166","semester":"25SFull","course_num_section":"CS 4384.004","title":"Automata Theory","credit_hours":"3","instructor":"Serdar Erbatur","instructor_netid":"sxe190003","date_time":"Tuesday & Thursday 10:00am - 11:15am","location":"MC 2.410","time_created":"2025-03-17 01:55:40","time_updated":"2025-03-17 01:55:40"},
{"id":"167","semester":"25SFull","course_num_section":"CS 4384.501","title":"Automata Theory","credit_hours":"3","instructor":"Zachary Stallbohm","instructor_netid":"zxs110030","date_time":"Monday & Wednesday 5:30pm - 6:45pm","location":"GR 2.302","time_created":"2025-03-17 01:55:40","time_updated":"2025-03-17 01:55:40"},
{"id":"168","semester":"25SOpen","course_num_section":"CS 4384.502","title":"Automata Theory","credit_hours":"3","instructor":"Simeon Ntafos","instructor_netid":"ntafos","date_time":"Monday & Wednesday 5:30pm - 6:45pm","location":"GR 3.420","time_created":"2025-03-17 01:55:40","time_updated":"2025-03-17 01:55:40"},
{"id":"169","semester":"25SOpen","course_num_section":"CS 4384.hon","title":"Automata Theory  - Honors","credit_hours":"3","instructor":"Dung Huynh","instructor_netid":"huynh","date_time":"Tuesday & Thursday 1:00pm - 2:15pm","location":"AD 3.216","time_created":"2025-03-17 01:55:40","time_updated":"2025-03-17 01:55:40"},
{"id":"170","semester":"25SOpen","course_num_section":"CS 4386.501","title":"Compiler Design","credit_hours":"3","instructor":"Neeraj Gupta","instructor_netid":"nkg140130","date_time":"Tuesday & Thursday 5:30pm - 6:45pm","location":"ECSS 2.201","time_created":"2025-03-17 01:55:40","time_updated":"2025-03-17 01:55:40"},
{"id":"171","semester":"25SOpen","course_num_section":"CS 4390.001","title":"Computer Networks","credit_hours":"3","instructor":"Nidhiben Solanki","instructor_netid":"nxs121130","date_time":"Tuesday & Thursday 2:30pm - 3:45pm","location":"MC 2.410","time_created":"2025-03-17 01:55:40","time_updated":"2025-03-17 01:55:40"},
{"id":"172","semester":"25SOpen","course_num_section":"CS 4390.002","title":"Computer Networks","credit_hours":"3","instructor":"Zygmunt Haas","instructor_netid":"zjh130030","date_time":"Monday & Wednesday 1:00pm - 2:15pm","location":"HH 2.502","time_created":"2025-03-17 01:55:40","time_updated":"2025-03-17 01:55:40"},
{"id":"173","semester":"25SFull","course_num_section":"CS 4390.003","title":"Computer Networks","credit_hours":"3","instructor":"Nidhiben Solanki","instructor_netid":"nxs121130","date_time":"Tuesday & Thursday 10:00am - 11:15am","location":"ECSS 2.201","time_created":"2025-03-17 01:55:40","time_updated":"2025-03-17 01:55:40"},
{"id":"174","semester":"25SOpen","course_num_section":"CS 4390.004","title":"Computer Networks","credit_hours":"3","instructor":"Yi Ding","instructor_netid":"yxd230004","date_time":"Tuesday & Thursday 11:30am - 12:45pm","location":"CR 1.202","time_created":"2025-03-17 01:55:40","time_updated":"2025-03-17 01:55:40"},
{"id":"175","semester":"25SOpen","course_num_section":"CS 4390.005","title":"Computer Networks","credit_hours":"3","instructor":"Zygmunt Haas","instructor_netid":"zjh130030","date_time":"Monday & Wednesday 10:00am - 11:15am","location":"ECSS 2.305","time_created":"2025-03-17 01:55:40","time_updated":"2025-03-17 01:55:40"},
{"id":"176","semester":"25SOpen","course_num_section":"CS 4391.002","title":"Introduction to Computer Vision","credit_hours":"3","instructor":"Ranran Feng","instructor_netid":"rxf090020","date_time":"Monday & Wednesday 10:00am - 11:15am","location":"ECSS 2.203","time_created":"2025-03-17 01:55:40","time_updated":"2025-03-17 01:55:40"},
{"id":"177","semester":"25SOpen","course_num_section":"CS 4393.001","title":"Computer and Network Security","credit_hours":"3","instructor":"Nhut Nguyen","instructor_netid":"nhutnn","date_time":"Tuesday & Thursday 1:00pm - 2:15pm","location":"FO 2.208","time_created":"2025-03-17 01:55:40","time_updated":"2025-03-17 01:55:40"},
{"id":"178","semester":"25SOpen","course_num_section":"CS 4395.002","title":"Human Language Technologies","credit_hours":"3","instructor":"Xinya Du","instructor_netid":"xxd220001","date_time":"Monday & Wednesday 11:30am - 12:45pm","location":"ECSW 1.315","time_created":"2025-03-17 01:55:40","time_updated":"2025-03-17 01:55:40"},
{"id":"179","semester":"25SOpen","course_num_section":"CS 4396.001","title":"Networking Laboratory","credit_hours":"3","instructor":"Kamil Sarac","instructor_netid":"kxs028100","date_time":"Friday 10:00am - 12:45pm","location":"ECSW 1.355","time_created":"2025-03-17 01:55:40","time_updated":"2025-03-17 01:55:40"},
{"id":"180","semester":"25SOpen","course_num_section":"CS 4459.001","title":"Cyber Attack and Defense Laboratory  (4 Credits)","credit_hours":"","instructor":"Kangkook Jee","instructor_netid":"kxj190011","date_time":"Tuesday & Thursday 4:00pm - 6:15pm","location":"ECSS 2.311","time_created":"2025-03-17 01:55:40","time_updated":"2025-03-17 01:55:40"},
{"id":"181","semester":"25SOpen","course_num_section":"CS 4475.001","title":"Capstone Project  (4 Credits)","credit_hours":"","instructor":"Kemelli Estacio-Hiroms","instructor_netid":"kxe160930","date_time":"Friday 8:30am - 11:15am","location":"AD 2.232","time_created":"2025-03-17 01:55:40","time_updated":"2025-03-17 01:55:40"},
{"id":"182","semester":"25SOpen","course_num_section":"CS 4485.0w1","title":"Computer Science Project  (4 Credits)","credit_hours":"","instructor":"Miguel Razo Razo\n, John Cole\n, Sridhar Alagar\n, Raed Salih\n, Eric Becker\n, Selim Sarac\n, Aditya Sriv","instructor_netid":"mrazora","date_time":"Tuesday 1:00pm - 2:15pm","location":"No Meeting Room","time_created":"2025-03-17 01:55:40","time_updated":"2025-03-17 01:55:40"},
{"id":"183","semester":"25SOpen","course_num_section":"CS 4v98.001","title":"Undergraduate Research in Computer Science  (1-9 Credits)","credit_hours":"","instructor":"Yapeng Tian","instructor_netid":"yxt220013","date_time":"Friday 4:00pm - 6:45pm","location":"CB 1.106","time_created":"2025-03-17 01:55:40","time_updated":"2025-03-17 01:55:40"},
{"id":"184","semester":"25SOpen","course_num_section":"CS 4v98.054","title":"Undergraduate Research in Computer Science  - Design of Robotics Systems (1-9 Credits)","credit_hours":"","instructor":"Yonas Tadesse","instructor_netid":"ytt110030","date_time":"Research","location":"","time_created":"2025-03-17 01:55:40","time_updated":"2025-03-17 01:55:40"},
{"id":"185","semester":"25SOpen","course_num_section":"CS 4v98.094","title":"Undergraduate Research in Computer Science  - Al and Machine Learning Rsrch (1-9 Credits)","credit_hours":"","instructor":"Yu Chung Ng","instructor_netid":"ycn041000","date_time":"Research","location":"","time_created":"2025-03-17 01:55:40","time_updated":"2025-03-17 01:55:40"},
{"id":"186","semester":"25SOpen","course_num_section":"CS 4v98.095","title":"Undergraduate Research in Computer Science  - Rsrch on Software Traceability (1-9 Credits)","credit_hours":"","instructor":"-Staff-","instructor_netid":"","date_time":"Research","location":"","time_created":"2025-03-17 01:55:40","time_updated":"2025-03-17 01:55:40"},
{"id":"187","semester":"25SOpen","course_num_section":"CS 5333.001","title":"Discrete Structures","credit_hours":"3","instructor":"Jorge Cobb","instructor_netid":"jcobb","date_time":"Tuesday & Thursday 2:30pm - 3:45pm","location":"AD 3.216","time_created":"2025-03-17 01:55:40","time_updated":"2025-03-17 01:55:40"},
{"id":"188","semester":"25SOpen","course_num_section":"CS 5343.001","title":"Algorithm Analysis and Data Structures","credit_hours":"3","instructor":"Neeraj Gupta","instructor_netid":"nkg140130","date_time":"Tuesday & Thursday 4:00pm - 5:15pm","location":"JO 3.601","time_created":"2025-03-17 01:55:40","time_updated":"2025-03-17 01:55:40"},
{"id":"189","semester":"25SOpen","course_num_section":"CS 5348.004","title":"Operating Systems Concepts","credit_hours":"3","instructor":"Neeraj Mittal","instructor_netid":"nxm020100","date_time":"Monday & Wednesday 1:00pm - 2:15pm","location":"JO 4.614","time_created":"2025-03-17 01:55:40","time_updated":"2025-03-17 01:55:40"},
{"id":"190","semester":"25SOpen","course_num_section":"CS 5349.003","title":"Automata Theory","credit_hours":"3","instructor":"Serdar Erbatur","instructor_netid":"sxe190003","date_time":"Monday & Wednesday 4:00pm - 5:15pm","location":"ECSW 1.315","time_created":"2025-03-17 01:55:40","time_updated":"2025-03-17 01:55:40"},
{"id":"191","semester":"25SOpen","course_num_section":"CS 5390.003","title":"Computer Networks","credit_hours":"3","instructor":"Nidhiben Solanki","instructor_netid":"nxs121130","date_time":"Tuesday & Thursday 10:00am - 11:15am","location":"ECSS 2.201","time_created":"2025-03-17 01:55:40","time_updated":"2025-03-17 01:55:40"},
{"id":"192","semester":"25SFull","course_num_section":"CS 5v81.001","title":"Special Topics in Computer Science  - Sfs Seminar (1 Semester Credit Hour)","credit_hours":"","instructor":"Kamil Sarac","instructor_netid":"kxs028100","date_time":"Saturday 10:00am - 12:45pm","location":"ECSN 2.112","time_created":"2025-03-17 01:55:40","time_updated":"2025-03-17 01:55:40"},
{"id":"193","semester":"25SOpen","course_num_section":"CS 6301.001","title":"Special Topics in Computer Science  - Quantum Computing","credit_hours":"3","instructor":"Andrew Nemec","instructor_netid":"dal957114","date_time":"Monday & Wednesday 4:00pm - 5:15pm","location":"HH 2.502","time_created":"2025-03-17 01:55:40","time_updated":"2025-03-17 01:55:40"},
{"id":"194","semester":"25SOpen","course_num_section":"CS 6304.001","title":"Computer Architecture","credit_hours":"3","instructor":"Hossein Pedram","instructor_netid":"hxp220048","date_time":"Monday & Wednesday 11:30am - 12:45pm","location":"GR 3.606","time_created":"2025-03-17 01:55:40","time_updated":"2025-03-17 01:55:40"},
{"id":"195","semester":"25SOpen","course_num_section":"CS 6305.501","title":"Data Security and Privacy for Practitioners","credit_hours":"3","instructor":"Ebru Cankaya","instructor_netid":"exc067000","date_time":"Monday 5:30pm - 8:15pm","location":"ECSS 2.201","time_created":"2025-03-17 01:55:40","time_updated":"2025-03-17 01:55:40"},
{"id":"196","semester":"25SOpen","course_num_section":"CS 6307.501","title":"Introduction to Big Data Management and Analytics for non CS-Majors","credit_hours":"3","instructor":"Anurag Nagar","instructor_netid":"axn112530","date_time":"Monday & Wednesday 5:30pm - 6:45pm","location":"AD 3.216","time_created":"2025-03-17 01:55:40","time_updated":"2025-03-17 01:55:40"},
{"id":"197","semester":"25SOpen","course_num_section":"CS 6308.501","title":"Cyber Physical Systems and Critical Infrastructure Security for Practitioners","credit_hours":"3","instructor":"Brian Ricks","instructor_netid":"bwr031000","date_time":"Monday & Wednesday 5:30pm - 6:45pm","location":"CR 1.202","time_created":"2025-03-17 01:55:40","time_updated":"2025-03-17 01:55:40"},
{"id":"198","semester":"25SOpen","course_num_section":"CS 6313.001","title":"Statistical Methods for Data Science","credit_hours":"3","instructor":"Xiwei Tang","instructor_netid":"dal295425","date_time":"Tuesday & Thursday 10:00am - 11:15am","location":"ECSS 2.305","time_created":"2025-03-17 01:55:40","time_updated":"2025-03-17 01:55:40"},
{"id":"199","semester":"25SOpen","course_num_section":"CS 6314.501","title":"Web Programming Languages","credit_hours":"3","instructor":"Richard Min","instructor_netid":"rkm010300","date_time":"Tuesday & Thursday 5:30pm - 6:45pm","location":"ECSS 2.412","time_created":"2025-03-17 01:55:40","time_updated":"2025-03-17 01:55:40"},
{"id":"200","semester":"25SOpen","course_num_section":"CS 6319.001","title":"Computational Geometry","credit_hours":"3","instructor":"Benjamin Raichel","instructor_netid":"bar150630","date_time":"Tuesday & Thursday 11:30am - 12:45pm","location":"ECSN 2.112","time_created":"2025-03-17 01:55:40","time_updated":"2025-03-17 01:55:40"},
{"id":"201","semester":"25SOpen","course_num_section":"CS 6320.001","title":"Natural Language Processing","credit_hours":"3","instructor":"Tatiana Erekhinskaya","instructor_netid":"txe110230","date_time":"Tuesday & Thursday 2:30pm - 3:45pm","location":"ECSW 1.315","time_created":"2025-03-17 01:55:40","time_updated":"2025-03-17 01:55:40"},
{"id":"202","semester":"25SFull","course_num_section":"CS 6320.002","title":"Natural Language Processing","credit_hours":"3","instructor":"Zhiyu Chen","instructor_netid":"zxc230011","date_time":"Monday & Wednesday 2:30pm - 3:45pm","location":"AD 3.216","time_created":"2025-03-17 01:55:40","time_updated":"2025-03-17 01:55:40"},
{"id":"203","semester":"25SOpen","course_num_section":"CS 6322.001","title":"Information Retrieval","credit_hours":"3","instructor":"Sanda Harabagiu","instructor_netid":"sanda","date_time":"Monday & Wednesday 4:00pm - 5:15pm","location":"ECSS 2.311","time_created":"2025-03-17 01:55:40","time_updated":"2025-03-17 01:55:40"},
{"id":"204","semester":"25SFull","course_num_section":"CS 6324.001","title":"Information Security","credit_hours":"3","instructor":"Chung Hwan Kim","instructor_netid":"cxk200010","date_time":"Monday & Wednesday 4:00pm - 5:15pm","location":"GR 2.530","time_created":"2025-03-17 01:55:40","time_updated":"2025-03-17 01:55:40"},
{"id":"205","semester":"25SOpen","course_num_section":"CS 6334.001","title":"Virtual Reality","credit_hours":"3","instructor":"Jin Ryong Kim","instructor_netid":"jrk200002","date_time":"Monday & Wednesday 11:30am - 12:45pm","location":"JO 3.601","time_created":"2025-03-17 01:55:40","time_updated":"2025-03-17 01:55:40"},
{"id":"206","semester":"25SFull","course_num_section":"CS 6347.001","title":"Statistical Methods in AI and Machine Learning","credit_hours":"3","instructor":"Nicholas Ruozzi","instructor_netid":"nrr150130","date_time":"Tuesday & Thursday 10:00am - 11:15am","location":"GR 2.530","time_created":"2025-03-17 01:55:40","time_updated":"2025-03-17 01:55:40"},
{"id":"207","semester":"25SOpen","course_num_section":"CS 6348.001","title":"Data and Applications Security","credit_hours":"3","instructor":"Ebru Cankaya","instructor_netid":"exc067000","date_time":"Monday & Wednesday 2:30pm - 3:45pm","location":"ECSS 2.410","time_created":"2025-03-17 01:55:40","time_updated":"2025-03-17 01:55:40"},
{"id":"208","semester":"25SFull","course_num_section":"CS 6349.501","title":"Network Security","credit_hours":"3","instructor":"Shuang Hao","instructor_netid":"sxh178730","date_time":"Monday & Friday 5:30pm - 6:45pm","location":"SCI 1.210","time_created":"2025-03-17 01:55:40","time_updated":"2025-03-17 01:55:40"},
{"id":"209","semester":"25SOpen","course_num_section":"CS 6350.001","title":"Big Data Management and Analytics","credit_hours":"3","instructor":"Anurag Nagar","instructor_netid":"axn112530","date_time":"Monday & Wednesday 11:30am - 12:45pm","location":"ECSS 2.415","time_created":"2025-03-17 01:55:40","time_updated":"2025-03-17 01:55:40"},
{"id":"210","semester":"25SOpen","course_num_section":"CS 6350.002","title":"Big Data Management and Analytics","credit_hours":"3","instructor":"Anurag Nagar","instructor_netid":"axn112530","date_time":"Tuesday & Thursday 4:00pm - 5:15pm","location":"ECSS 2.415","time_created":"2025-03-17 01:55:40","time_updated":"2025-03-17 01:55:40"},
{"id":"211","semester":"25SOpen","course_num_section":"CS 6352.001","title":"Performance of Computer Systems and Networks","credit_hours":"3","instructor":"Jason Jue","instructor_netid":"jjue","date_time":"Tuesday & Thursday 10:00am - 11:15am","location":"ECSS 3.910","time_created":"2025-03-17 01:55:40","time_updated":"2025-03-17 01:55:40"},
{"id":"212","semester":"25SOpen","course_num_section":"CS 6353.001","title":"Compiler Construction","credit_hours":"3","instructor":"Shiyi Wei","instructor_netid":"sxw174630","date_time":"Monday & Wednesday 10:00am - 11:15am","location":"FN 2.214","time_created":"2025-03-17 01:55:40","time_updated":"2025-03-17 01:55:40"},
{"id":"213","semester":"25SOpen","course_num_section":"CS 6356.001","title":"Software Maintenance  Evolution  and Re-Engineering","credit_hours":"3","instructor":"Shiyi Wei","instructor_netid":"sxw174630","date_time":"Monday & Wednesday 8:30am - 9:45am","location":"ECSS 2.203","time_created":"2025-03-17 01:55:40","time_updated":"2025-03-17 01:55:40"},
{"id":"214","semester":"25SOpen","course_num_section":"CS 6359.001","title":"Object-Oriented Analysis and Design","credit_hours":"3","instructor":"Rym Zalila-Wenkstern","instructor_netid":"rmili","date_time":"Tuesday & Thursday 4:00pm - 5:15pm","location":"ECSS 2.201","time_created":"2025-03-17 01:55:40","time_updated":"2025-03-17 01:55:40"},
{"id":"215","semester":"25SFull","course_num_section":"CS 6360.002","title":"Database Design","credit_hours":"3","instructor":"Wei Wu","instructor_netid":"wxw020100","date_time":"Monday & Wednesday 1:00pm - 2:15pm","location":"JO 3.601","time_created":"2025-03-17 01:55:40","time_updated":"2025-03-17 01:55:40"},
{"id":"216","semester":"25SOpen","course_num_section":"CS 6361.001","title":"Advanced Requirements Engineering","credit_hours":"3","instructor":"Lawrence Chung","instructor_netid":"chung","date_time":"Tuesday & Thursday 11:30am - 12:45pm","location":"ECSS 2.312","time_created":"2025-03-17 01:55:40","time_updated":"2025-03-17 01:55:40"},
{"id":"217","semester":"25SFull","course_num_section":"CS 6363.001","title":"Design and Analysis of Computer Algorithms","credit_hours":"3","instructor":"Dung Huynh","instructor_netid":"huynh","date_time":"Tuesday & Thursday 10:00am - 11:15am","location":"ECSS 2.311","time_created":"2025-03-17 01:55:40","time_updated":"2025-03-17 01:55:40"},
{"id":"218","semester":"25SOpen","course_num_section":"CS 6363.501","title":"Design and Analysis of Computer Algorithms","credit_hours":"3","instructor":"Sergey Bereg","instructor_netid":"sxb027100","date_time":"Monday & Wednesday 5:30pm - 6:45pm","location":"ECSS 2.203","time_created":"2025-03-17 01:55:40","time_updated":"2025-03-17 01:55:40"},
{"id":"219","semester":"25SOpen","course_num_section":"CS 6363.502","title":"Design and Analysis of Computer Algorithms","credit_hours":"3","instructor":"Ding Du","instructor_netid":"dxd056000","date_time":"Tuesday & Thursday 5:30pm - 6:45pm","location":"ECSS 2.203","time_created":"2025-03-17 01:55:40","time_updated":"2025-03-17 01:55:40"},
{"id":"220","semester":"25SOpen","course_num_section":"CS 6364.001","title":"Artificial Intelligence","credit_hours":"3","instructor":"Haim Schweitzer","instructor_netid":"haim","date_time":"Tuesday & Thursday 4:00pm - 5:15pm","location":"GR 3.420","time_created":"2025-03-17 01:55:40","time_updated":"2025-03-17 01:55:40"},
{"id":"221","semester":"25SOpen","course_num_section":"CS 6366.001","title":"Computer Graphics","credit_hours":"3","instructor":"Xiaohu Guo","instructor_netid":"xxg061000","date_time":"Monday & Wednesday 10:00am - 11:15am","location":"CR 1.202","time_created":"2025-03-17 01:55:40","time_updated":"2025-03-17 01:55:40"},
{"id":"222","semester":"25SOpen","course_num_section":"CS 6367.001","title":"Software Testing  Validation and Verification","credit_hours":"3","instructor":"Mehra Nouroz Borazjany","instructor_netid":"mxn143230","date_time":"Tuesday & Thursday 2:30pm - 3:45pm","location":"ECSS 2.306","time_created":"2025-03-17 01:55:40","time_updated":"2025-03-17 01:55:40"},
{"id":"223","semester":"25SOpen","course_num_section":"CS 6371.002","title":"Advanced Programming Languages  - Adv Programming Languages","credit_hours":"3","instructor":"Kevin Hamlen","instructor_netid":"kxh060100","date_time":"Tuesday & Thursday 1:00pm - 2:15pm","location":"FN 2.202","time_created":"2025-03-17 01:55:40","time_updated":"2025-03-17 01:55:40"},
{"id":"224","semester":"25SOpen","course_num_section":"CS 6375.001","title":"Machine Learning","credit_hours":"3","instructor":"Wei Yang","instructor_netid":"wxy180002","date_time":"Monday & Wednesday 2:30pm - 3:45pm","location":"ECSW 1.365","time_created":"2025-03-17 01:55:40","time_updated":"2025-03-17 01:55:40"},
{"id":"225","semester":"25SOpen","course_num_section":"CS 6375.002","title":"Machine Learning","credit_hours":"3","instructor":"Crystal Maung","instructor_netid":"ktm016100","date_time":"Saturday 11:00am - 1:45pm","location":"ECSS 2.410","time_created":"2025-03-17 01:55:40","time_updated":"2025-03-17 01:55:40"},
{"id":"226","semester":"25SOpen","course_num_section":"CS 6378.001","title":"Advanced Operating Systems","credit_hours":"3","instructor":"Ravi Prakash","instructor_netid":"ravip","date_time":"Tuesday & Thursday 8:30am - 9:45am","location":"GR 2.530","time_created":"2025-03-17 01:55:40","time_updated":"2025-03-17 01:55:40"},
{"id":"227","semester":"25SOpen","course_num_section":"CS 6384.001","title":"Computer Vision","credit_hours":"3","instructor":"Yapeng Tian","instructor_netid":"yxt220013","date_time":"Tuesday & Thursday 11:30am - 12:45pm","location":"ECSS 2.410","time_created":"2025-03-17 01:55:40","time_updated":"2025-03-17 01:55:40"},
{"id":"228","semester":"25SOpen","course_num_section":"CS 6384.003","title":"Computer Vision","credit_hours":"3","instructor":"Yunhui Guo","instructor_netid":"yxg220013","date_time":"Tuesday & Thursday 11:30am - 12:45pm","location":"ECSS 3.910","time_created":"2025-03-17 01:55:40","time_updated":"2025-03-17 01:55:40"},
{"id":"229","semester":"25SOpen","course_num_section":"CS 6396.001","title":"Real-Time Systems","credit_hours":"3","instructor":"Farokh Bastani","instructor_netid":"bastani","date_time":"Tuesday & Thursday 10:00am - 11:15am","location":"SLC 1.204","time_created":"2025-03-17 01:55:40","time_updated":"2025-03-17 01:55:40"},
{"id":"230","semester":"25SOpen","course_num_section":"CS 6v81.082","title":"Independent Study in Computer Science  (1-9 Credits)","credit_hours":"","instructor":"Jin Ryong Kim","instructor_netid":"jrk200002","date_time":"Independent Study","location":"","time_created":"2025-03-17 01:55:40","time_updated":"2025-03-17 01:55:40"},
{"id":"231","semester":"25SOpen","course_num_section":"CS 6v81.099","title":"Independent Study in Computer Science  (1-9 Credits)","credit_hours":"","instructor":"Chung Hwan Kim","instructor_netid":"cxk200010","date_time":"Independent Study","location":"","time_created":"2025-03-17 01:55:40","time_updated":"2025-03-17 01:55:40"},
{"id":"232","semester":"25SOpen","course_num_section":"CS 6v98.099","title":"Thesis  (3-9 Credits)","credit_hours":"","instructor":"Chung Hwan Kim","instructor_netid":"cxk200010","date_time":"Master's Thesis","location":"","time_created":"2025-03-17 01:55:40","time_updated":"2025-03-17 01:55:40"},
{"id":"233","semester":"25SOpen","course_num_section":"CS 7301.001","title":"Recent Advances in Computing  - Recent Advances in Networking","credit_hours":"3","instructor":"Ravi Prakash","instructor_netid":"ravip","date_time":"Tuesday & Thursday 1:00pm - 2:15pm","location":"AD 2.232","time_created":"2025-03-17 01:55:40","time_updated":"2025-03-17 01:55:40"},
{"id":"234","semester":"25SOpen","course_num_section":"CS 7301.501","title":"Recent Advances in Computing  - Trustworthy Ai and Application","credit_hours":"3","instructor":"Latifur Khan","instructor_netid":"lkhan","date_time":"Tuesday & Thursday 5:30pm - 6:45pm","location":"CR 1.202","time_created":"2025-03-17 01:55:40","time_updated":"2025-03-17 01:55:40"},
{"id":"235","semester":"25SOpen","course_num_section":"CS 8v99.059","title":"Dissertation  (1-9 Credits)","credit_hours":"","instructor":"Yu Xiang","instructor_netid":"yxx210005","date_time":"Dissertation","location":"","time_created":"2025-03-17 01:55:40","time_updated":"2025-03-17 01:55:40"}
]
}
]
